gid,val,EMD_NM,자치구?,등록수,교통량,동물병?,위탁업?,판매업?,놀이터_
"11110101",1672511.7199999999720603227615356445313,청운동,종로구,"155","562",0.000000000000000,0.000000000000000,0.000000000000000,0.000000000000000
"11110102",3512680.3399999998509883880615234375000,신교동,종로구,"89","562",0.000000000000000,0.000000000000000,0.000000000000000,0.000000000000000
"11110103",2726053.7500000000000000000000000000000,궁정동,종로구,"7","562",0.000000000000000,0.000000000000000,0.000000000000000,0.000000000000000
"11110104",4504767.0999999996274709701538085937500,효자동,종로구,"46","562",0.000000000000000,0.000000000000000,0.000000000000000,0.000000000000000
"11110105",5229726.3700000001117587089538574218750,창성동,종로구,"35","562",0.000000000000000,0.000000000000000,0.000000000000000,0.000000000000000
"11110106",6227721.0599999995902180671691894531250,통의동,종로구,"30","861",0.000000000000000,0.000000000000000,0.000000000000000,0.000000000000000
"11110107",17778669.9200000017881393432617187500000,적선동,종로구,"11","861",0.000000000000000,0.000000000000000,0.000000000000000,0.000000000000000
"11110108",5868900.9299999997019767761230468750000,통인동,종로구,"59","562",0.000000000000000,0.000000000000000,0.000000000000000,0.000000000000000
"11110109",1171220.6200000001117587089538574218750,누상동,종로구,"207","562",0.000000000000000,0.000000000000000,0.000000000000000,0.000000000000000
"11110110",4580692.1900000004097819328308105468750,누하동,종로구,"57","562",0.000000000000000,0.000000000000000,0.000000000000000,0.000000000000000
"11110111",1509510.8899999998975545167922973632813,옥인동,종로구,"147","562",1.000000000000000,0.000000000000000,0.000000000000000,0.000000000000000
"11110112",5613518.0599999995902180671691894531250,체부동,종로구,"66","861",0.000000000000000,0.000000000000000,0.000000000000000,0.000000000000000
"11110113",4634413.2000000001862645149230957031250,필운동,종로구,"47","861",1.000000000000000,0.000000000000000,0.000000000000000,0.000000000000000
"11110114",13972724.1899999994784593582153320312500,내자동,종로구,"14","861",0.000000000000000,0.000000000000000,0.000000000000000,0.000000000000000
"11110115",2597632.8599999998696148395538330078125,사직동,종로구,"246","861",0.000000000000000,0.000000000000000,0.000000000000000,0.000000000000000
"11110116",26113451.3000000007450580596923828125000,도렴동,종로구,"2","861",0.000000000000000,0.000000000000000,0.000000000000000,0.000000000000000
"11110117",19517376.7699999995529651641845703125000,당주동,종로구,"29","861",0.000000000000000,0.000000000000000,0.000000000000000,0.000000000000000
"11110118",13050961.6500000003725290298461914062500,내수동,종로구,"187","861",0.000000000000000,0.000000000000000,0.000000000000000,0.000000000000000
"11110119",7831450.0199999995529651641845703125000,세종로,종로구,"31","562",0.000000000000000,0.000000000000000,0.000000000000000,0.000000000000000
"11110120",26717093.1799999997019767761230468750000,신문로1가,종로구,"6","861",0.000000000000000,0.000000000000000,0.000000000000000,0.000000000000000
"11110121",6653393.4000000003725290298461914062500,신문로2가,종로구,"55","861",1.000000000000000,1.000000000000000,0.000000000000000,0.000000000000000
"11110122",32498782.1099999994039535522460937500000,청진동,종로구,"4","482",0.000000000000000,0.000000000000000,0.000000000000000,0.000000000000000
"11110123",41007725.2400000020861625671386718750000,서린동,종로구,"24","482",0.000000000000000,0.000000000000000,0.000000000000000,0.000000000000000
"11110124",17571339.3099999986588954925537109375000,수송동,종로구,"26","482",0.000000000000000,0.000000000000000,0.000000000000000,0.000000000000000
"11110125",16112547.9900000002235174179077148437500,중학동,,,"482",0.000000000000000,0.000000000000000,0.000000000000000,0.000000000000000
"11110126",28789913.4699999988079071044921875000000,종로1가,종로구,"14","482",0.000000000000000,0.000000000000000,0.000000000000000,0.000000000000000
"11110127",37689536.0900000035762786865234375000000,공평동,종로구,"2","482",0.000000000000000,0.000000000000000,0.000000000000000,0.000000000000000
"11110128",13631576.2300000004470348358154296875000,관훈동,종로구,"2","482",0.000000000000000,0.000000000000000,0.000000000000000,0.000000000000000
"11110129",10778776.4499999992549419403076171875000,견지동,종로구,"15","482",0.000000000000000,0.000000000000000,0.000000000000000,0.000000000000000
"11110130",1558987.1999999999534338712692260742188,와룡동,종로구,"5","482",0.000000000000000,0.000000000000000,0.000000000000000,0.000000000000000
"11110131",3323987.2799999997951090335845947265625,권농동,종로구,"22","482",0.000000000000000,0.000000000000000,0.000000000000000,0.000000000000000
"11110132",9434321.6500000003725290298461914062500,운니동,종로구,"8","482",0.000000000000000,0.000000000000000,0.000000000000000,0.000000000000000
"11110133",7592527.0599999995902180671691894531250,익선동,종로구,"46","482",0.000000000000000,0.000000000000000,0.000000000000000,0.000000000000000
"11110134",10404046.9600000008940696716308593750000,경운동,종로구,"12","482",0.000000000000000,0.000000000000000,0.000000000000000,0.000000000000000
"11110135",23265360.0799999982118606567382812500000,관철동,종로구,"6","482",0.000000000000000,0.000000000000000,0.000000000000000,0.000000000000000
"11110136",17409767.2199999988079071044921875000000,인사동,종로구,"10","482",0.000000000000000,0.000000000000000,0.000000000000000,0.000000000000000
"11110137",11723722.3800000008195638656616210937500,낙원동,종로구,"31","482",0.000000000000000,0.000000000000000,0.000000000000000,0.000000000000000
"11110138",25908894.6900000013411045074462890625000,종로2가,,,"482",0.000000000000000,0.000000000000000,0.000000000000000,0.000000000000000
"11110139",6083371.9699999997392296791076660156250,팔판동,종로구,"28","1050",0.000000000000000,0.000000000000000,0.000000000000000,0.000000000000000
"11110140",1112971.5300000000279396772384643554688,삼청동,종로구,"120","1050",0.000000000000000,0.000000000000000,0.000000000000000,0.000000000000000
"11110141",7487517.3200000002980232238769531250000,안국동,종로구,"15","1050",0.000000000000000,0.000000000000000,0.000000000000000,0.000000000000000
"11110142",8405839.2500000000000000000000000000000,소격동,종로구,"18","1050",0.000000000000000,0.000000000000000,0.000000000000000,0.000000000000000
"11110143",5845526.5499999998137354850769042968750,화동,종로구,"9","1050",0.000000000000000,0.000000000000000,0.000000000000000,0.000000000000000
"11110144",8507676.6300000008195638656616210937500,사간동,종로구,"18","1050",0.000000000000000,0.000000000000000,0.000000000000000,0.000000000000000
"11110145",8580093.4199999999254941940307617187500,송현동,,,"1050",0.000000000000000,0.000000000000000,0.000000000000000,0.000000000000000
"11110146",5564870.1100000003352761268615722656250,가회동,종로구,"105","891",0.000000000000000,0.000000000000000,0.000000000000000,0.000000000000000
"11110147",8323568.2400000002235174179077148437500,재동,종로구,"7","891",0.000000000000000,0.000000000000000,0.000000000000000,0.000000000000000
"11110148",5338172.5599999995902180671691894531250,계동,종로구,"83","891",0.000000000000000,0.000000000000000,0.000000000000000,0.000000000000000
"11110149",3396794.1400000001303851604461669921875,원서동,종로구,"117","891",0.000000000000000,0.000000000000000,0.000000000000000,0.000000000000000
"11110150",1234765.2399999999906867742538452148438,훈정동,,,"482",0.000000000000000,0.000000000000000,0.000000000000000,0.000000000000000
"11110151",12801493.2799999993294477462768554687500,묘동,,,"482",0.000000000000000,0.000000000000000,0.000000000000000,0.000000000000000
"11110152",7854752.3099999995902180671691894531250,봉익동,종로구,"2","482",0.000000000000000,0.000000000000000,0.000000000000000,0.000000000000000
"11110153",9977276.6999999992549419403076171875000,돈의동,종로구,"34","482",0.000000000000000,0.000000000000000,0.000000000000000,0.000000000000000
"11110154",12770533.0899999998509883880615234375000,장사동,종로구,"3","482",0.000000000000000,0.000000000000000,0.000000000000000,0.000000000000000
"11110155",14122387.8800000008195638656616210937500,관수동,종로구,"1","482",0.000000000000000,0.000000000000000,0.000000000000000,0.000000000000000
"11110156",18450677.5300000011920928955078125000000,종로3가,종로구,"1","482",0.000000000000000,0.000000000000000,0.000000000000000,0.000000000000000
"11110157",10946152.5999999996274709701538085937500,인의동,종로구,"47","482",0.000000000000000,0.000000000000000,0.000000000000000,0.000000000000000
"11110158",13831952.6199999991804361343383789062500,예지동,,,"482",0.000000000000000,0.000000000000000,0.000000000000000,0.000000000000000
"11110159",5054803.3600000003352761268615722656250,원남동,종로구,"36","482",0.000000000000000,0.000000000000000,0.000000000000000,0.000000000000000
"11110160",8212800.5199999995529651641845703125000,연지동,종로구,"34","2119",0.000000000000000,0.000000000000000,0.000000000000000,0.000000000000000
"11110161",13754677.3699999991804361343383789062500,종로4가,종로구,"2","482",0.000000000000000,0.000000000000000,0.000000000000000,0.000000000000000
"11110162",7695265.5099999997764825820922851562500,효제동,종로구,"22","2119",0.000000000000000,1.000000000000000,0.000000000000000,0.000000000000000
"11110163",13044312.2500000000000000000000000000000,종로5가,종로구,"11","2119",0.000000000000000,1.000000000000000,0.000000000000000,0.000000000000000
"11110164",8898926.2500000000000000000000000000000,종로6가,종로구,"35","2119",0.000000000000000,0.000000000000000,0.000000000000000,0.000000000000000
"11110165",3833552.1600000001490116119384765625000,이화동,종로구,"119","4956",0.000000000000000,1.000000000000000,0.000000000000000,0.000000000000000
"11110166",5252472.7400000002235174179077148437500,연건동,종로구,"63","4956",0.000000000000000,0.000000000000000,0.000000000000000,0.000000000000000
"11110167",4382739.2999999998137354850769042968750,충신동,종로구,"155","2119",0.000000000000000,0.000000000000000,0.000000000000000,0.000000000000000
"11110168",6485223.5700000002980232238769531250000,동숭동,종로구,"309","4956",0.000000000000000,0.000000000000000,0.000000000000000,0.000000000000000
"11110169",4460818.1600000001490116119384765625000,혜화동,종로구,"197","3717",2.000000000000000,3.000000000000000,0.000000000000000,0.000000000000000
"11110170",3646959.6000000000931322574615478515625,명륜1가,종로구,"217","3717",0.000000000000000,0.000000000000000,0.000000000000000,0.000000000000000
"11110171",6835093.6200000001117587089538574218750,명륜2가,종로구,"191","3717",0.000000000000000,0.000000000000000,0.000000000000000,0.000000000000000
"11110172",7276936.3300000000745058059692382812500,명륜4가,종로구,"55","3717",1.000000000000000,0.000000000000000,0.000000000000000,0.000000000000000
"11110173",2177881.4100000001490116119384765625000,명륜3가,종로구,"264","14868",0.000000000000000,0.000000000000000,0.000000000000000,0.000000000000000
"11110174",4287561.4900000002235174179077148437500,창신동,종로구,"1181","2323",2.000000000000000,0.000000000000000,0.000000000000000,0.000000000000000
"11110175",4677245.1500000003725290298461914062500,숭인동,종로구,"901","14346",1.000000000000000,0.000000000000000,1.000000000000000,0.000000000000000
"11110176",9067564.1400000005960464477539062500000,교남동,종로구,"3","1711",0.000000000000000,0.000000000000000,0.000000000000000,0.000000000000000
"11110177",11210602.4100000001490116119384765625000,평동,종로구,"39","1711",0.000000000000000,0.000000000000000,0.000000000000000,0.000000000000000
"11110178",7779291.3200000002980232238769531250000,송월동,종로구,"4","1711",0.000000000000000,0.000000000000000,0.000000000000000,0.000000000000000
"11110179",9276599.9100000001490116119384765625000,홍파동,종로구,"162","1711",0.000000000000000,0.000000000000000,0.000000000000000,0.000000000000000
"11110180",7505000.0700000002980232238769531250000,교북동,종로구,"44","1711",0.000000000000000,0.000000000000000,0.000000000000000,0.000000000000000
"11110181",3270783.3599999998696148395538330078125,행촌동,종로구,"208","1711",0.000000000000000,0.000000000000000,0.000000000000000,0.000000000000000
"11110182",369774.4400000000023283064365386962891,구기동,종로구,"546","5760",0.000000000000000,0.000000000000000,0.000000000000000,0.000000000000000
"11110183",821092.4699999999720603227615356445313,평창동,종로구,"1203","5760",0.000000000000000,0.000000000000000,0.000000000000000,0.000000000000000
"11110184",746262.7700000000186264514923095703125,부암동,종로구,"497","6177",1.000000000000000,1.000000000000000,0.000000000000000,0.000000000000000
"11110185",1598634.2500000000000000000000000000000,홍지동,종로구,"139","6177",0.000000000000000,0.000000000000000,0.000000000000000,0.000000000000000
"11110186",1829000.2800000000279396772384643554688,신영동,종로구,"304","6177",1.000000000000000,1.000000000000000,0.000000000000000,0.000000000000000
"11110187",2541751.3599999998696148395538330078125,무악동,종로구,"451","18875",0.000000000000000,0.000000000000000,0.000000000000000,0.000000000000000
"11140101",36499659.8500000014901161193847656250000,무교동,중구,"2","536",0.000000000000000,0.000000000000000,0.000000000000000,0.000000000000000
"11140102",31733734.1799999997019767761230468750000,다동,중구,"153","536",0.000000000000000,0.000000000000000,0.000000000000000,0.000000000000000
"11140103",34287675.9500000029802322387695312500000,태평로1가,중구,"1","536",0.000000000000000,0.000000000000000,0.000000000000000,0.000000000000000
"11140104",45318675.8400000035762786865234375000000,을지로1가,,,"536",0.000000000000000,0.000000000000000,0.000000000000000,0.000000000000000
"11140105",40287282.5099999979138374328613281250000,을지로2가,,,"536",0.000000000000000,0.000000000000000,0.000000000000000,0.000000000000000
"11140106",26593919.3700000010430812835693359375000,남대문로1가,,,"536",0.000000000000000,0.000000000000000,0.000000000000000,0.000000000000000
"11140107",27889406.4800000004470348358154296875000,삼각동,,,"536",0.000000000000000,0.000000000000000,0.000000000000000,0.000000000000000
"11140108",39798446.9799999967217445373535156250000,수하동,중구,"1","536",0.000000000000000,0.000000000000000,0.000000000000000,0.000000000000000
"11140109",35256529.4799999967217445373535156250000,장교동,,,"536",0.000000000000000,0.000000000000000,0.000000000000000,0.000000000000000
"11140110",20997172.2199999988079071044921875000000,수표동,중구,"1","536",0.000000000000000,0.000000000000000,0.000000000000000,0.000000000000000
"11140111",34876163.9900000020861625671386718750000,소공동,중구,"2","953",0.000000000000000,0.000000000000000,0.000000000000000,0.000000000000000
"11140112",11634005.7300000004470348358154296875000,남창동,중구,"31","1181",0.000000000000000,0.000000000000000,0.000000000000000,0.000000000000000
"11140113",20230515.1099999994039535522460937500000,북창동,중구,"3","953",0.000000000000000,0.000000000000000,0.000000000000000,0.000000000000000
"11140114",29861496.2199999988079071044921875000000,태평로2가,중구,"2","953",0.000000000000000,0.000000000000000,0.000000000000000,0.000000000000000
"11140115",31893828.8299999982118606567382812500000,남대문로2가,,,"536",0.000000000000000,0.000000000000000,0.000000000000000,0.000000000000000
"11140116",37775722.5300000011920928955078125000000,남대문로3가,,,"1181",0.000000000000000,0.000000000000000,0.000000000000000,0.000000000000000
"11140117",25867943.7100000008940696716308593750000,남대문로4가,,,"1181",0.000000000000000,0.000000000000000,0.000000000000000,0.000000000000000
"11140118",17726960.1700000017881393432617187500000,남대문로5가,중구,"51","1181",0.000000000000000,0.000000000000000,0.000000000000000,0.000000000000000
"11140119",12323947.8499999996274709701538085937500,봉래동1가,중구,"12","1181",0.000000000000000,0.000000000000000,0.000000000000000,0.000000000000000
"11140120",12583975.7299999985843896865844726562500,봉래동2가,중구,"1","1181",0.000000000000000,0.000000000000000,0.000000000000000,0.000000000000000
"11140121",6367714.5000000000000000000000000000000,회현동1가,중구,"201","536",0.000000000000000,0.000000000000000,0.000000000000000,0.000000000000000
"11140122",15192435.4499999992549419403076171875000,회현동2가,중구,"93","536",0.000000000000000,0.000000000000000,0.000000000000000,0.000000000000000
"11140123",11319418.6300000008195638656616210937500,회현동3가,중구,"4","536",0.000000000000000,0.000000000000000,0.000000000000000,0.000000000000000
"11140124",56894902.5700000002980232238769531250000,충무로1가,중구,"7","536",0.000000000000000,0.000000000000000,0.000000000000000,0.000000000000000
"11140125",32266517.8700000010430812835693359375000,충무로2가,중구,"3","536",0.000000000000000,0.000000000000000,0.000000000000000,0.000000000000000
"11140126",59533259.4900000020861625671386718750000,명동1가,,,"536",0.000000000000000,0.000000000000000,0.000000000000000,0.000000000000000
"11140127",51367293.0300000011920928955078125000000,명동2가,중구,"9","536",0.000000000000000,0.000000000000000,0.000000000000000,0.000000000000000
"11140128",8506808.8599999994039535522460937500000,남산동1가,중구,"27","536",0.000000000000000,0.000000000000000,0.000000000000000,0.000000000000000
"11140129",5845465.3899999996647238731384277343750,남산동2가,중구,"58","536",0.000000000000000,0.000000000000000,0.000000000000000,0.000000000000000
"11140130",6804972.2400000002235174179077148437500,남산동3가,중구,"2","536",0.000000000000000,0.000000000000000,0.000000000000000,0.000000000000000
"11140131",22902335.3700000010430812835693359375000,저동1가,중구,"3","536",0.000000000000000,0.000000000000000,0.000000000000000,0.000000000000000
"11140132",10695319.8000000007450580596923828125000,충무로4가,중구,"54","1222",0.000000000000000,0.000000000000000,0.000000000000000,0.000000000000000
"11140133",8541771.9199999999254941940307617187500,충무로5가,중구,"42","1222",0.000000000000000,0.000000000000000,0.000000000000000,0.000000000000000
"11140134",10423297.5999999996274709701538085937500,인현동2가,중구,"36","1222",0.000000000000000,0.000000000000000,0.000000000000000,0.000000000000000
"11140135",9283221.9600000008940696716308593750000,예관동,중구,"5","1222",0.000000000000000,0.000000000000000,0.000000000000000,0.000000000000000
"11140136",5953938.4400000004097819328308105468750,묵정동,중구,"67","5365",0.000000000000000,0.000000000000000,0.000000000000000,0.000000000000000
"11140137",9670766.7799999993294477462768554687500,필동1가,중구,"10","975",0.000000000000000,0.000000000000000,0.000000000000000,0.000000000000000
"11140138",5941487.2199999997392296791076660156250,필동2가,중구,"52","975",2.000000000000000,0.000000000000000,0.000000000000000,0.000000000000000
"11140139",4996784.0300000002607703208923339843750,필동3가,중구,"82","975",0.000000000000000,0.000000000000000,0.000000000000000,0.000000000000000
"11140140",6717336.3099999995902180671691894531250,남학동,중구,"1","975",0.000000000000000,0.000000000000000,0.000000000000000,0.000000000000000
"11140141",3799443.8999999999068677425384521484375,주자동,중구,"2","975",0.000000000000000,0.000000000000000,0.000000000000000,0.000000000000000
"11140142",1091147.5500000000465661287307739257813,예장동,중구,"58","975",0.000000000000000,0.000000000000000,0.000000000000000,0.000000000000000
"11140143",6117413.1500000003725290298461914062500,장충동1가,중구,"132","5365",0.000000000000000,0.000000000000000,0.000000000000000,0.000000000000000
"11140144",2391473.4300000001676380634307861328125,장충동2가,중구,"190","5365",4.000000000000000,0.000000000000000,0.000000000000000,0.000000000000000
"11140145",8704758.8499999996274709701538085937500,광희동1가,중구,"25","1222",0.000000000000000,0.000000000000000,0.000000000000000,0.000000000000000
"11140146",5530271.2699999986216425895690917968750,광희동2가,중구,"60","1222",0.000000000000000,0.000000000000000,0.000000000000000,0.000000000000000
"11140147",7966723.6399999996647238731384277343750,쌍림동,중구,"23","1222",0.000000000000000,0.000000000000000,0.000000000000000,0.000000000000000
"11140148",16203743.8800000008195638656616210937500,을지로6가,중구,"11","1222",0.000000000000000,0.000000000000000,0.000000000000000,0.000000000000000
"11140149",12134908.8100000005215406417846679687500,을지로7가,중구,"7","1222",0.000000000000000,0.000000000000000,0.000000000000000,0.000000000000000
"11140150",13643286.3499999996274709701538085937500,을지로4가,중구,"6","1185",0.000000000000000,0.000000000000000,0.000000000000000,0.000000000000000
"11140151",9333267.7599999997764825820922851562500,을지로5가,중구,"47","1185",0.000000000000000,0.000000000000000,0.000000000000000,0.000000000000000
"11140152",9616444.9399999994784593582153320312500,주교동,중구,"3","1185",0.000000000000000,0.000000000000000,0.000000000000000,0.000000000000000
"11140153",11412098.2200000006705522537231445312500,방산동,중구,"3","1185",0.000000000000000,0.000000000000000,0.000000000000000,0.000000000000000
"11140154",7589800.1200000001117587089538574218750,오장동,중구,"16","1222",0.000000000000000,0.000000000000000,0.000000000000000,0.000000000000000
"11140155",13530920.8699999991804361343383789062500,을지로3가,중구,"8","1185",0.000000000000000,0.000000000000000,0.000000000000000,0.000000000000000
"11140156",14386684.2300000004470348358154296875000,입정동,중구,"1","1185",0.000000000000000,0.000000000000000,0.000000000000000,0.000000000000000
"11140157",11787265.3000000007450580596923828125000,산림동,중구,"17","1185",0.000000000000000,0.000000000000000,0.000000000000000,0.000000000000000
"11140158",12299244.9700000006705522537231445312500,충무로3가,중구,"10","975",0.000000000000000,0.000000000000000,0.000000000000000,0.000000000000000
"11140159",12441735.0099999997764825820922851562500,초동,중구,"5","1185",0.000000000000000,0.000000000000000,0.000000000000000,0.000000000000000
"11140160",9571183.5800000000745058059692382812500,인현동1가,중구,"5","1185",0.000000000000000,0.000000000000000,0.000000000000000,0.000000000000000
"11140161",15385790.0000000000000000000000000000000,저동2가,중구,"6","1185",0.000000000000000,0.000000000000000,0.000000000000000,0.000000000000000
"11140162",5280194.1100000003352761268615722656250,신당동,중구,"4611","11771",11.000000000000000,7.000000000000000,0.000000000000000,0.000000000000000
"11140163",8821996.0700000002980232238769531250000,흥인동,중구,"143","3948",0.000000000000000,0.000000000000000,0.000000000000000,0.000000000000000
"11140164",6682680.1200000001117587089538574218750,무학동,중구,"19","3948",0.000000000000000,0.000000000000000,0.000000000000000,0.000000000000000
"11140165",6502210.2500000000000000000000000000000,황학동,중구,"891","8771",3.000000000000000,0.000000000000000,0.000000000000000,0.000000000000000
"11140166",15132761.3200000002980232238769531250000,서소문동,중구,"1","953",0.000000000000000,0.000000000000000,0.000000000000000,0.000000000000000
"11140167",5618549.6900000004097819328308105468750,정동,중구,"44","953",0.000000000000000,0.000000000000000,0.000000000000000,0.000000000000000
"11140168",11241948.6699999999254941940307617187500,순화동,중구,"66","1181",0.000000000000000,0.000000000000000,0.000000000000000,0.000000000000000
"11140169",10370692.8200000002980232238769531250000,의주로1가,중구,"7","953",0.000000000000000,0.000000000000000,0.000000000000000,0.000000000000000
"11140170",12257682.1199999991804361343383789062500,충정로1가,,,"953",0.000000000000000,0.000000000000000,0.000000000000000,0.000000000000000
"11140171",5649149.5999999996274709701538085937500,중림동,중구,"271","2407",0.000000000000000,0.000000000000000,0.000000000000000,0.000000000000000
"11140172",3150016.2500000000000000000000000000000,의주로2가,중구,"5","2407",0.000000000000000,0.000000000000000,0.000000000000000,0.000000000000000
"11140173",4185324.6299999998882412910461425781250,만리동1가,중구,"58","2407",0.000000000000000,0.000000000000000,0.000000000000000,0.000000000000000
"11140174",5866520.5599999995902180671691894531250,만리동2가,중구,"155","2407",0.000000000000000,0.000000000000000,0.000000000000000,0.000000000000000
"11170101",3663212.0800000000745058059692382812500,후암동,용산구,"1223","9225",2.000000000000000,1.000000000000000,0.000000000000000,0.000000000000000
"11170102",3129217.7799999997951090335845947265625,용산동2가,용산구,"1021","8941",2.000000000000000,1.000000000000000,0.000000000000000,0.000000000000000
"11170103",3207602.5299999997951090335845947265625,용산동4가,용산구,"2","8941",1.000000000000000,3.000000000000000,0.000000000000000,0.000000000000000
"11170104",8978836.0700000002980232238769531250000,갈월동,용산구,"187","3741",0.000000000000000,0.000000000000000,0.000000000000000,0.000000000000000
"11170105",11143536.4800000004470348358154296875000,남영동,용산구,"35","3741",0.000000000000000,0.000000000000000,0.000000000000000,0.000000000000000
"11170106",3189743.0899999998509883880615234375000,용산동1가,,,"3741",0.000000000000000,0.000000000000000,0.000000000000000,0.000000000000000
"11170107",10630800.6199999991804361343383789062500,동자동,용산구,"218","3741",0.000000000000000,0.000000000000000,0.000000000000000,0.000000000000000
"11170108",5894699.7099999999627470970153808593750,서계동,용산구,"315","2131",1.000000000000000,1.000000000000000,0.000000000000000,0.000000000000000
"11170109",4640010.0700000002980232238769531250000,청파동1가,용산구,"428","2131",0.000000000000000,0.000000000000000,0.000000000000000,0.000000000000000
"11170110",4772994.0400000000372529029846191406250,청파동2가,용산구,"132","2131",0.000000000000000,0.000000000000000,0.000000000000000,0.000000000000000
"11170111",5715246.8899999996647238731384277343750,청파동3가,용산구,"164","2131",1.000000000000000,1.000000000000000,0.000000000000000,0.000000000000000
"11170112",7213442.3499999996274709701538085937500,원효로1가,용산구,"389","2411",0.000000000000000,0.000000000000000,0.000000000000000,0.000000000000000
"11170113",6563019.1299999998882412910461425781250,원효로2가,용산구,"126","2411",0.000000000000000,1.000000000000000,0.000000000000000,0.000000000000000
"11170114",4565095.1600000001490116119384765625000,신창동,용산구,"133","3216",0.000000000000000,0.000000000000000,0.000000000000000,0.000000000000000
"11170115",6471576.4100000001490116119384765625000,산천동,용산구,"488","3216",0.000000000000000,1.000000000000000,0.000000000000000,0.000000000000000
"11170116",4035597.1699999999254941940307617187500,청암동,용산구,"131","3216",1.000000000000000,0.000000000000000,0.000000000000000,0.000000000000000
"11170117",6901136.9900000002235174179077148437500,원효로3가,용산구,"139","3216",1.000000000000000,0.000000000000000,0.000000000000000,0.000000000000000
"11170118",4134035.6200000001117587089538574218750,원효로4가,용산구,"222","3216",2.000000000000000,1.000000000000000,0.000000000000000,0.000000000000000
"11170119",4431300.0199999995529651641845703125000,효창동,용산구,"590","7780",0.000000000000000,0.000000000000000,0.000000000000000,0.000000000000000
"11170120",7661842.3399999998509883880615234375000,도원동,용산구,"324","2340",0.000000000000000,0.000000000000000,0.000000000000000,0.000000000000000
"11170121",5763964.2999999998137354850769042968750,용문동,용산구,"315","2340",2.000000000000000,0.000000000000000,0.000000000000000,0.000000000000000
"11170122",8637261.1999999992549419403076171875000,문배동,용산구,"353","2411",0.000000000000000,1.000000000000000,0.000000000000000,0.000000000000000
"11170123",6434962.4599999999627470970153808593750,신계동,용산구,"160","2411",2.000000000000000,1.000000000000000,0.000000000000000,0.000000000000000
"11170124",8116334.0499999998137354850769042968750,한강로1가,용산구,"239","2323",0.000000000000000,0.000000000000000,0.000000000000000,0.000000000000000
"11170125",13176619.4000000003725290298461914062500,한강로2가,용산구,"506","2323",0.000000000000000,0.000000000000000,0.000000000000000,0.000000000000000
"11170126",3438514.3100000000558793544769287109375,용산동3가,용산구,"11","2323",0.000000000000000,0.000000000000000,0.000000000000000,0.000000000000000
"11170127",4235716.1299999998882412910461425781250,용산동5가,용산구,"191","2323",0.000000000000000,0.000000000000000,0.000000000000000,0.000000000000000
"11170128",11277002.4600000008940696716308593750000,한강로3가,용산구,"562","2323",2.000000000000000,1.000000000000000,0.000000000000000,0.000000000000000
"11170129",2703654.9300000001676380634307861328125,이촌동,용산구,"2289","43841",5.000000000000000,5.000000000000000,0.000000000000000,0.000000000000000
"11170130",7074899.2199999997392296791076660156250,이태원동,용산구,"2262","12280",1.000000000000000,5.000000000000000,0.000000000000000,0.000000000000000
"11170131",5393464.5800000000745058059692382812500,한남동,용산구,"2292","27782",4.000000000000000,4.000000000000000,0.000000000000000,0.000000000000000
"11170132",6577584.2400000002235174179077148437500,동빙고동,용산구,"450","5967",1.000000000000000,0.000000000000000,0.000000000000000,0.000000000000000
"11170133",3267059.1699999999254941940307617187500,서빙고동,용산구,"387","5967",0.000000000000000,0.000000000000000,0.000000000000000,0.000000000000000
"11170134",1987003.7199999999720603227615356445313,주성동,용산구,"75","5967",0.000000000000000,0.000000000000000,0.000000000000000,0.000000000000000
"11170135",2099902.0099999997764825820922851562500,용산동6가,,,"5967",0.000000000000000,0.000000000000000,0.000000000000000,0.000000000000000
"11170136",5509550.1699999999254941940307617187500,보광동,용산구,"1358","18945",3.000000000000000,1.000000000000000,1.000000000000000,0.000000000000000
"11200101",5656328.3499999996274709701538085937500,상왕십리동,성동구,"206","1822",1.000000000000000,2.000000000000000,0.000000000000000,0.000000000000000
"11200102",4873840.4800000004470348358154296875000,하왕십리동,성동구,"1480","1822",4.000000000000000,1.000000000000000,0.000000000000000,0.000000000000000
"11200103",4307257.3399999998509883880615234375000,홍익동,성동구,"176","1822",0.000000000000000,0.000000000000000,0.000000000000000,0.000000000000000
"11200104",5780025.2599999997764825820922851562500,도선동,성동구,"249","1822",0.000000000000000,0.000000000000000,0.000000000000000,0.000000000000000
"11200105",3449446.1899999999441206455230712890625,마장동,성동구,"967","17036",2.000000000000000,2.000000000000000,0.000000000000000,0.000000000000000
"11200106",2398915.6699999999254941940307617187500,사근동,성동구,"264","6046",0.000000000000000,0.000000000000000,1.000000000000000,0.000000000000000
"11200107",4472656.7400000002235174179077148437500,행당동,성동구,"1838","2940",4.000000000000000,6.000000000000000,0.000000000000000,0.000000000000000
"11200108",2761366.2200000002048909664154052734375,응봉동,성동구,"830","8808",2.000000000000000,1.000000000000000,0.000000000000000,0.000000000000000
"11200109",3596646.3700000001117587089538574218750,금호동1가,성동구,"927","6269",2.000000000000000,1.000000000000000,0.000000000000000,0.000000000000000
"11200110",3546960.9700000002048909664154052734375,금호동2가,성동구,"704","4478",0.000000000000000,0.000000000000000,0.000000000000000,0.000000000000000
"11200111",3666762.3700000001117587089538574218750,금호동3가,성동구,"724","4478",2.000000000000000,2.000000000000000,0.000000000000000,0.000000000000000
"11200112",2668440.7099999999627470970153808593750,금호동4가,성동구,"750","27039",2.000000000000000,2.000000000000000,0.000000000000000,0.000000000000000
"11200113",2259576.9100000006146728992462158203125,옥수동,성동구,"1476","18202",5.000000000000000,2.000000000000000,0.000000000000000,0.000000000000000
"11200114",3850439.3900000001303851604461669921875,성수동1가,성동구,"1937","24466",3.000000000000000,5.000000000000000,0.000000000000000,0.000000000000000
"11200115",5113027.0599999995902180671691894531250,성수동2가,성동구,"1532","5484",2.000000000000000,5.000000000000000,0.000000000000000,0.000000000000000
"11200118",1436063.9099999999161809682846069335938,송정동,성동구,"619","9350",0.000000000000000,0.000000000000000,0.000000000000000,0.000000000000000
"11200122",2287388.9199999999254941940307617187500,용답동,성동구,"685","9350",1.000000000000000,1.000000000000000,0.000000000000000,0.000000000000000
"11215101",2030509.3500000000931322574615478515625,중곡동,광진구,"633","7969",5.000000000000000,5.000000000000000,0.000000000000000,0.000000000000000
"11215102",2221888.5400000000372529029846191406250,능동,광진구,"79","14881",5.000000000000000,2.000000000000000,0.000000000000000,1.000000000000000
"11215103",3396369.0099999997764825820922851562500,구의동,광진구,"566","15791",7.000000000000000,4.000000000000000,0.000000000000000,0.000000000000000
"11215104",2625573.1299999998882412910461425781250,광장동,광진구,"260","10983",1.000000000000000,1.000000000000000,0.000000000000000,0.000000000000000
"11215105",3344851.2500000000000000000000000000000,자양동,광진구,"730","26660",11.000000000000000,8.000000000000000,0.000000000000000,0.000000000000000
"11215107",5297301.2800000002607703208923339843750,화양동,광진구,"235","18077",5.000000000000000,1.000000000000000,0.000000000000000,0.000000000000000
"11215109",4324749.2500000000000000000000000000000,군자동,광진구,"172","14404",0.000000000000000,1.000000000000000,0.000000000000000,0.000000000000000
"11230101",4544552.2800000002607703208923339843750,신설동,동대문구,"254","5741",1.000000000000000,0.000000000000000,0.000000000000000,0.000000000000000
"11230102",3851534.5499999998137354850769042968750,용두동,동대문구,"1692","5741",1.000000000000000,1.000000000000000,0.000000000000000,0.000000000000000
"11230103",3311083.0600000000558793544769287109375,제기동,동대문구,"1471","20217",2.000000000000000,3.000000000000000,1.000000000000000,0.000000000000000
"11230104",3186175.1099999998696148395538330078125,전농동,동대문구,"2413","9061",1.000000000000000,0.000000000000000,0.000000000000000,0.000000000000000
"11230105",3298393.3700000001117587089538574218750,답십리동,동대문구,"3129","7187",7.000000000000000,9.000000000000000,0.000000000000000,0.000000000000000
"11230106",3644112.7099999999627470970153808593750,장안동,동대문구,"4562","9838",9.000000000000000,11.000000000000000,0.000000000000000,0.000000000000000
"11230107",2767756.8700000001117587089538574218750,청량리동,동대문구,"1038","11253",0.000000000000000,0.000000000000000,0.000000000000000,0.000000000000000
"11230108",3524564.0800000000745058059692382812500,회기동,동대문구,"500","9277",0.000000000000000,0.000000000000000,0.000000000000000,0.000000000000000
"11230109",2760394.8199999998323619365692138671875,휘경동,동대문구,"1835","15737",3.000000000000000,2.000000000000000,1.000000000000000,0.000000000000000
"11230110",2981712.8199999998323619365692138671875,이문동,동대문구,"2671","10747",1.000000000000000,3.000000000000000,1.000000000000000,0.000000000000000
"11260101",1841362.2700000000186264514923095703125,면목동,중랑구,"7623","7198",15.000000000000000,11.000000000000000,1.000000000000000,1.000000000000000
"11260102",3220849.7099999999627470970153808593750,상봉동,중랑구,"2219","9343",4.000000000000000,5.000000000000000,0.000000000000000,0.000000000000000
"11260103",2310697.8799999998882412910461425781250,중화동,중랑구,"2423","17908",2.000000000000000,2.000000000000000,0.000000000000000,0.000000000000000
"11260104",2403172.3100000000558793544769287109375,묵동,중랑구,"2441","10740",5.000000000000000,5.000000000000000,0.000000000000000,0.000000000000000
"11260105",1339108.7399999999906867742538452148438,망우동,중랑구,"2340","5416",2.000000000000000,3.000000000000000,0.000000000000000,0.000000000000000
"11260106",1483459.2399999999906867742538452148438,신내동,중랑구,"2576","3676",4.000000000000000,4.000000000000000,0.000000000000000,0.000000000000000
"11290101",1873904.9799999999813735485076904296875,성북동,성북구,"1062","1174",0.000000000000000,0.000000000000000,0.000000000000000,0.000000000000000
"11290102",3793228.3999999999068677425384521484375,성북동1가,성북구,"136","1174",0.000000000000000,0.000000000000000,0.000000000000000,0.000000000000000
"11290103",3152234.1499999999068677425384521484375,돈암동,성북구,"1978","1021",3.000000000000000,2.000000000000000,0.000000000000000,0.000000000000000
"11290104",3905690.4900000002235174179077148437500,동소문동1가,성북구,"69","1174",0.000000000000000,0.000000000000000,0.000000000000000,0.000000000000000
"11290105",4606376.9500000001862645149230957031250,동소문동2가,성북구,"74","551",0.000000000000000,0.000000000000000,0.000000000000000,0.000000000000000
"11290106",5042662.5999999996274709701538085937500,동소문동3가,성북구,"7","551",0.000000000000000,0.000000000000000,0.000000000000000,0.000000000000000
"11290107",4353083.3200000002980232238769531250000,동소문동4가,성북구,"112","1174",0.000000000000000,0.000000000000000,0.000000000000000,0.000000000000000
"11290108",5502690.0999999996274709701538085937500,동소문동5가,성북구,"44","551",1.000000000000000,0.000000000000000,0.000000000000000,0.000000000000000
"11290109",4407563.9299999997019767761230468750000,동소문동6가,성북구,"84","1021",1.000000000000000,2.000000000000000,0.000000000000000,0.000000000000000
"11290110",3715282.6299999998882412910461425781250,동소문동7가,성북구,"120","1021",0.000000000000000,0.000000000000000,0.000000000000000,0.000000000000000
"11290111",2482614.0400000000372529029846191406250,삼선동1가,성북구,"296","551",0.000000000000000,0.000000000000000,0.000000000000000,0.000000000000000
"11290112",3211715.7000000001862645149230957031250,삼선동2가,성북구,"330","551",0.000000000000000,1.000000000000000,0.000000000000000,0.000000000000000
"11290113",3414145.8900000001303851604461669921875,삼선동3가,성북구,"240","551",2.000000000000000,0.000000000000000,0.000000000000000,0.000000000000000
"11290114",4064320.0800000000745058059692382812500,삼선동4가,성북구,"114","551",1.000000000000000,0.000000000000000,0.000000000000000,0.000000000000000
"11290115",4280740.0800000000745058059692382812500,삼선동5가,성북구,"205","551",0.000000000000000,0.000000000000000,0.000000000000000,0.000000000000000
"11290116",7708360.0800000000745058059692382812500,동선동1가,성북구,"57","1021",0.000000000000000,1.000000000000000,0.000000000000000,0.000000000000000
"11290117",3746722.3199999998323619365692138671875,동선동2가,성북구,"107","1021",0.000000000000000,0.000000000000000,0.000000000000000,0.000000000000000
"11290118",3465739.4700000002048909664154052734375,동선동3가,성북구,"136","1021",0.000000000000000,0.000000000000000,0.000000000000000,0.000000000000000
"11290119",4364675.6699999999254941940307617187500,동선동4가,성북구,"145","1021",0.000000000000000,1.000000000000000,2.000000000000000,0.000000000000000
"11290120",3426677.7799999997951090335845947265625,동선동5가,성북구,"91","1021",0.000000000000000,0.000000000000000,0.000000000000000,0.000000000000000
"11290121",3452758.8799999998882412910461425781250,안암동1가,성북구,"162","1166",0.000000000000000,0.000000000000000,0.000000000000000,0.000000000000000
"11290122",3438652.0800000000745058059692382812500,안암동2가,성북구,"126","1166",0.000000000000000,0.000000000000000,0.000000000000000,0.000000000000000
"11290123",3210303.7999999998137354850769042968750,안암동3가,성북구,"253","1166",0.000000000000000,0.000000000000000,0.000000000000000,0.000000000000000
"11290124",3831005.2900000000372529029846191406250,안암동4가,성북구,"51","1166",0.000000000000000,0.000000000000000,0.000000000000000,0.000000000000000
"11290125",3939711.1299999998882412910461425781250,안암동5가,성북구,"118","1166",0.000000000000000,0.000000000000000,0.000000000000000,0.000000000000000
"11290126",4008846.0099999997764825820922851562500,보문동4가,성북구,"47","909",0.000000000000000,1.000000000000000,0.000000000000000,0.000000000000000
"11290127",4108996.1000000000931322574615478515625,보문동5가,성북구,"100","909",0.000000000000000,0.000000000000000,0.000000000000000,0.000000000000000
"11290128",3275266.6400000001303851604461669921875,보문동6가,성북구,"301","909",1.000000000000000,0.000000000000000,0.000000000000000,0.000000000000000
"11290129",3388403.6400000001303851604461669921875,보문동7가,성북구,"34","909",0.000000000000000,0.000000000000000,0.000000000000000,0.000000000000000
"11290130",4005638.0699999998323619365692138671875,보문동1가,성북구,"88","909",0.000000000000000,1.000000000000000,0.000000000000000,0.000000000000000
"11290131",4379388.2199999997392296791076660156250,보문동2가,성북구,"127","909",0.000000000000000,0.000000000000000,0.000000000000000,0.000000000000000
"11290132",3074967.4799999999813735485076904296875,보문동3가,성북구,"149","909",1.000000000000000,0.000000000000000,0.000000000000000,0.000000000000000
"11290133",916159.6600000000325962901115417480469,정릉동,성북구,"3970","7162",3.000000000000000,2.000000000000000,0.000000000000000,0.000000000000000
"11290134",4094776.4700000002048909664154052734375,길음동,성북구,"2005","9611",5.000000000000000,2.000000000000000,0.000000000000000,0.000000000000000
"11290135",2969178.7200000002048909664154052734375,종암동,성북구,"1748","11560",5.000000000000000,1.000000000000000,0.000000000000000,0.000000000000000
"11290136",2921759.3700000001117587089538574218750,하월곡동,성북구,"2005","7180",5.000000000000000,1.000000000000000,0.000000000000000,0.000000000000000
"11290137",1764866.3999999999068677425384521484375,상월곡동,성북구,"507","7180",0.000000000000000,1.000000000000000,2.000000000000000,0.000000000000000
"11290138",2703127.1200000001117587089538574218750,장위동,성북구,"3106","12174",3.000000000000000,1.000000000000000,0.000000000000000,0.000000000000000
"11290139",2113736.4199999999254941940307617187500,석관동,성북구,"1573","13812",5.000000000000000,0.000000000000000,0.000000000000000,0.000000000000000
"11305101",3026391.0499999998137354850769042968750,미아동,강북구,"6851","5612",12.000000000000000,8.000000000000000,1.000000000000000,0.000000000000000
"11305102",1674630.1299999998882412910461425781250,번동,강북구,"2707","10217",3.000000000000000,2.000000000000000,0.000000000000000,0.000000000000000
"11305103",1173103.4799999999813735485076904296875,수유동,강북구,"5931","8198",8.000000000000000,9.000000000000000,0.000000000000000,0.000000000000000
"11305104",183688.5700000000069849193096160888672,우이동,강북구,"690","3028",0.000000000000000,0.000000000000000,0.000000000000000,0.000000000000000
"11320105",2162382.2999999998137354850769042968750,쌍문동,도봉구,"3717","5909",7.000000000000000,2.000000000000000,0.000000000000000,0.000000000000000
"11320106",1388020.6999999999534338712692260742188,방학동,도봉구,"3481","6136",4.000000000000000,4.000000000000000,0.000000000000000,0.000000000000000
"11320107",2495368.7000000001862645149230957031250,창동,,,"9525",10.000000000000000,8.000000000000000,0.000000000000000,1.000000000000000
"11320108",446167.4799999999813735485076904296875,도봉동,도봉구,"2081","6320",3.000000000000000,1.000000000000000,0.000000000000000,0.000000000000000
"11350102",1704419.2800000000279396772384643554688,월계동,노원구,"4209","19317",4.000000000000000,2.000000000000000,0.000000000000000,0.000000000000000
"11350103",1228966.6000000000931322574615478515625,공릉동,노원구,"4289","15856",6.000000000000000,6.000000000000000,0.000000000000000,0.000000000000000
"11350104",2298340.2299999999813735485076904296875,하계동,노원구,"2654","17503",3.000000000000000,1.000000000000000,0.000000000000000,0.000000000000000
"11350105",1220752.9300000001676380634307861328125,상계동,노원구,"10955","14590",18.000000000000000,17.000000000000000,2.000000000000000,0.000000000000000
"11350106",1641495.7900000000372529029846191406250,중계동,노원구,"5663","8032",9.000000000000000,2.000000000000000,1.000000000000000,0.000000000000000
"11380101",2061953.4499999999534338712692260742188,수색동,은평구,"698","12791",0.000000000000000,0.000000000000000,0.000000000000000,0.000000000000000
"11380102",2290429.7900000000372529029846191406250,녹번동,은평구,"2281","8577",3.000000000000000,1.000000000000000,1.000000000000000,0.000000000000000
"11380103",1612753.4499999999534338712692260742188,불광동,은평구,"3847","7626",3.000000000000000,1.000000000000000,0.000000000000000,0.000000000000000
"11380104",2392076.3399999998509883880615234375000,갈현동,은평구,"3414","2210",4.000000000000000,5.000000000000000,3.000000000000000,0.000000000000000
"11380105",1722567.8700000001117587089538574218750,구산동,은평구,"2037","2210",1.000000000000000,0.000000000000000,0.000000000000000,0.000000000000000
"11380106",4157463.3199999998323619365692138671875,대조동,은평구,"1953","9183",3.000000000000000,2.000000000000000,0.000000000000000,0.000000000000000
"11380107",3021084.8999999999068677425384521484375,응암동,은평구,"4763","5487",9.000000000000000,5.000000000000000,3.000000000000000,0.000000000000000
"11380108",2991182.1600000001490116119384765625000,역촌동,은평구,"3206","8336",7.000000000000000,2.000000000000000,0.000000000000000,0.000000000000000
"11380109",1934560.6000000000931322574615478515625,신사동,은평구,"2930","6101",2.000000000000000,2.000000000000000,0.000000000000000,0.000000000000000
"11380110",2618905.1800000001676380634307861328125,증산동,은평구,"883","12925",1.000000000000000,1.000000000000000,2.000000000000000,0.000000000000000
"11380114",562882.0000000000000000000000000000000,진관동,은평구,"2566","6069",6.000000000000000,3.000000000000000,0.000000000000000,0.000000000000000
"11410101",5791276.9100000001490116119384765625000,충정로2가,,,"1716",0.000000000000000,0.000000000000000,0.000000000000000,0.000000000000000
"11410102",5158525.7900000000372529029846191406250,충정로3가,,,"1716",0.000000000000000,0.000000000000000,0.000000000000000,0.000000000000000
"11410103",6093333.3300000000745058059692382812500,합동,,,"1716",0.000000000000000,0.000000000000000,0.000000000000000,0.000000000000000
"11410104",9293918.1799999997019767761230468750000,미근동,,,"1716",0.000000000000000,0.000000000000000,0.000000000000000,0.000000000000000
"11410105",4365572.4599999999627470970153808593750,냉천동,,,"1558",1.000000000000000,0.000000000000000,0.000000000000000,0.000000000000000
"11410106",3393464.6899999999441206455230712890625,천연동,서대문구,"940","1558",2.000000000000000,3.000000000000000,0.000000000000000,0.000000000000000
"11410107",3093184.1800000001676380634307861328125,옥천동,,,"1558",0.000000000000000,0.000000000000000,0.000000000000000,0.000000000000000
"11410108",2624499.7299999999813735485076904296875,영천동,,,"1558",0.000000000000000,0.000000000000000,0.000000000000000,0.000000000000000
"11410109",1268642.5700000000651925802230834960938,현저동,,,"1558",0.000000000000000,0.000000000000000,0.000000000000000,0.000000000000000
"11410110",3952173.5099999997764825820922851562500,북아현동,서대문구,"874","7175",0.000000000000000,0.000000000000000,0.000000000000000,0.000000000000000
"11410111",1837708.7099999999627470970153808593750,홍제동,서대문구,"3030","13672",5.000000000000000,2.000000000000000,0.000000000000000,0.000000000000000
"11410112",6163425.0599999995902180671691894531250,대현동,,,"3111",0.000000000000000,0.000000000000000,0.000000000000000,0.000000000000000
"11410113",3832219.1899999999441206455230712890625,대신동,,,"3111",0.000000000000000,0.000000000000000,0.000000000000000,0.000000000000000
"11410114",3626441.8100000000558793544769287109375,신촌동,서대문구,"1126","3111",0.000000000000000,0.000000000000000,0.000000000000000,0.000000000000000
"11410115",449645.7100000000209547579288482666016,봉원동,,,"3111",0.000000000000000,0.000000000000000,0.000000000000000,0.000000000000000
"11410116",6878496.4699999997392296791076660156250,창천동,,,"3111",0.000000000000000,0.000000000000000,0.000000000000000,0.000000000000000
"11410117",2244089.8399999998509883880615234375000,연희동,서대문구,"1929","18280",5.000000000000000,8.000000000000000,1.000000000000000,0.000000000000000
"11410118",1317532.0600000000558793544769287109375,홍은동,서대문구,"2713","18539",1.000000000000000,3.000000000000000,0.000000000000000,0.000000000000000
"11410119",3408253.2599999997764825820922851562500,북가좌동,서대문구,"2719","6306",7.000000000000000,0.000000000000000,0.000000000000000,0.000000000000000
"11410120",4162245.0000000000000000000000000000000,남가좌동,서대문구,"2494","5769",4.000000000000000,0.000000000000000,0.000000000000000,0.000000000000000
"11440101",6221002.7900000000372529029846191406250,아현동,마포구,"1031","2661",4.000000000000000,0.000000000000000,0.000000000000000,0.000000000000000
"11440102",7676111.6399999996647238731384277343750,공덕동,마포구,"1201","2661",3.000000000000000,1.000000000000000,0.000000000000000,0.000000000000000
"11440103",7239787.6399999996647238731384277343750,신공덕동,마포구,"526","2079",1.000000000000000,0.000000000000000,0.000000000000000,0.000000000000000
"11440104",9140827.6999999992549419403076171875000,도화동,마포구,"1030","2079",3.000000000000000,0.000000000000000,0.000000000000000,0.000000000000000
"11440105",5084190.4900000002235174179077148437500,용강동,마포구,"290","2616",2.000000000000000,1.000000000000000,0.000000000000000,0.000000000000000
"11440106",2539255.8100000000558793544769287109375,토정동,마포구,"62","2616",0.000000000000000,0.000000000000000,0.000000000000000,0.000000000000000
"11440107",5493515.0000000000000000000000000000000,마포동,마포구,"130","3989",0.000000000000000,0.000000000000000,0.000000000000000,1.000000000000000
"11440108",5383570.1699999999254941940307617187500,대흥동,마포구,"569","2909",2.000000000000000,2.000000000000000,0.000000000000000,0.000000000000000
"11440109",5891320.0199999995529651641845703125000,염리동,마포구,"637","2661",2.000000000000000,1.000000000000000,0.000000000000000,0.000000000000000
"11440110",6734080.9400000004097819328308105468750,노고산동,마포구,"302","3516",1.000000000000000,0.000000000000000,0.000000000000000,0.000000000000000
"11440111",5402698.4299999997019767761230468750000,신수동,마포구,"594","2909",3.000000000000000,0.000000000000000,0.000000000000000,0.000000000000000
"11440112",4094419.0299999997951090335845947265625,현석동,마포구,"175","2909",0.000000000000000,0.000000000000000,0.000000000000000,0.000000000000000
"11440113",5853250.2400000002235174179077148437500,구수동,마포구,"52","2909",0.000000000000000,0.000000000000000,0.000000000000000,0.000000000000000
"11440114",5186541.8700000001117587089538574218750,창전동,마포구,"598","4231",0.000000000000000,3.000000000000000,0.000000000000000,0.000000000000000
"11440115",5208448.1299999998882412910461425781250,상수동,마포구,"383","4231",2.000000000000000,1.000000000000000,0.000000000000000,0.000000000000000
"11440116",3971352.4900000002235174179077148437500,하중동,마포구,"80","4231",0.000000000000000,0.000000000000000,0.000000000000000,0.000000000000000
"11440117",3530603.9799999999813735485076904296875,신정동,양천구,"7354","4231",1.000000000000000,0.000000000000000,0.000000000000000,0.000000000000000
"11440118",1506952.9699999999720603227615356445313,당인동,마포구,"73","4231",0.000000000000000,0.000000000000000,0.000000000000000,0.000000000000000
"11440120",9102816.3599999994039535522460937500000,서교동,마포구,"2146","3516",3.000000000000000,5.000000000000000,0.000000000000000,0.000000000000000
"11440121",9199552.6199999991804361343383789062500,동교동,마포구,"271","3516",0.000000000000000,0.000000000000000,0.000000000000000,0.000000000000000
"11440122",3117359.9799999999813735485076904296875,합정동,마포구,"1189","24065",9.000000000000000,2.000000000000000,0.000000000000000,0.000000000000000
"11440123",3281169.3100000000558793544769287109375,망원동,마포구,"2499","20943",3.000000000000000,2.000000000000000,0.000000000000000,0.000000000000000
"11440124",5597011.8899999996647238731384277343750,연남동,마포구,"1021","6902",0.000000000000000,1.000000000000000,0.000000000000000,0.000000000000000
"11440125",3283281.7000000001862645149230957031250,성산동,마포구,"2687","8727",5.000000000000000,1.000000000000000,0.000000000000000,0.000000000000000
"11440126",3701425.9199999999254941940307617187500,중동,마포구,"510","8727",0.000000000000000,1.000000000000000,0.000000000000000,0.000000000000000
"11440127",1682584.2299999999813735485076904296875,상암동,마포구,"1366","16553",4.000000000000000,0.000000000000000,0.000000000000000,1.000000000000000
"11470101",3469764.9300000001676380634307861328125,신정동,양천구,"7354","9360",23.000000000000000,17.000000000000000,0.000000000000000,1.000000000000000
"11470102",4608208.5300000002607703208923339843750,목동,양천구,"6451","18225",14.000000000000000,7.000000000000000,0.000000000000000,0.000000000000000
"11470103",2125765.0000000000000000000000000000000,신월동,양천구,"5800","14410",10.000000000000000,15.000000000000000,1.000000000000000,0.000000000000000
"11500101",2727053.9199999999254941940307617187500,염창동,강서구,"1760","3506",3.000000000000000,3.000000000000000,0.000000000000000,0.000000000000000
"11500102",4027374.7099999999627470970153808593750,등촌동,강서구,"3363","6839",9.000000000000000,9.000000000000000,0.000000000000000,0.000000000000000
"11500103",2930074.6800000001676380634307861328125,화곡동,강서구,"12567","3270",19.000000000000000,18.000000000000000,1.000000000000000,0.000000000000000
"11500104",3034259.4700000002048909664154052734375,가양동,강서구,"2174","3506",0.000000000000000,0.000000000000000,0.000000000000000,0.000000000000000
"11500105",614409.9100000000325962901115417480469,마곡동,강서구,"1397","5313",4.000000000000000,6.000000000000000,0.000000000000000,0.000000000000000
"11500106",2943117.1699999999254941940307617187500,내발산동,강서구,"1973","3270",6.000000000000000,6.000000000000000,0.000000000000000,0.000000000000000
"11500107",1903818.3300000000745058059692382812500,외발산동,강서구,"54","4816",0.000000000000000,0.000000000000000,0.000000000000000,0.000000000000000
"11500108",1408586.8499999998603016138076782226563,공항동,강서구,"1056","2501",4.000000000000000,4.000000000000000,1.000000000000000,0.000000000000000
"11500109",1764533.8899999998975545167922973632813,방화동,강서구,"3549","9252",6.000000000000000,6.000000000000000,0.000000000000000,0.000000000000000
"11500110",187704.8800000000046566128730773925781,개화동,강서구,"159","9084",0.000000000000000,0.000000000000000,0.000000000000000,0.000000000000000
"11500111",378291.7000000000116415321826934814453,과해동,,,"2501",0.000000000000000,0.000000000000000,0.000000000000000,0.000000000000000
"11500112",256184.9700000000011641532182693481445,오곡동,,,"2501",0.000000000000000,0.000000000000000,0.000000000000000,0.000000000000000
"11500113",341342.0800000000162981450557708740234,오쇠동,강서구,"3","2501",0.000000000000000,0.000000000000000,0.000000000000000,0.000000000000000
"11530101",3470584.0200000000186264514923095703125,신도림동,구로구,"703","11048",3.000000000000000,0.000000000000000,0.000000000000000,0.000000000000000
"11530102",3252139.4599999999627470970153808593750,구로동,구로구,"2566","12471",8.000000000000000,4.000000000000000,2.000000000000000,0.000000000000000
"11530103",3400999.0499999998137354850769042968750,가리봉동,구로구,"287","21310",1.000000000000000,0.000000000000000,0.000000000000000,0.000000000000000
"11530106",2725441.4399999999441206455230712890625,고척동,구로구,"1145","4697",3.000000000000000,1.000000000000000,0.000000000000000,0.000000000000000
"11530107",2302296.1899999999441206455230712890625,개봉동,구로구,"2001","12528",7.000000000000000,1.000000000000000,0.000000000000000,0.000000000000000
"11530108",2167509.5200000000186264514923095703125,오류동,구로구,"1091","3529",3.000000000000000,3.000000000000000,1.000000000000000,0.000000000000000
"11530109",975522.4499999999534338712692260742188,궁동,구로구,"337","3712",1.000000000000000,1.000000000000000,0.000000000000000,0.000000000000000
"11530110",1598074.2099999999627470970153808593750,온수동,구로구,"182","3712",0.000000000000000,0.000000000000000,0.000000000000000,0.000000000000000
"11530111",1485619.5200000000186264514923095703125,천왕동,구로구,"319","3529",2.000000000000000,0.000000000000000,0.000000000000000,0.000000000000000
"11530112",791141.6899999999441206455230712890625,항동,구로구,"289","3529",2.000000000000000,0.000000000000000,0.000000000000000,0.000000000000000
"11545101",3044146.7900000000372529029846191406250,가산동,금천구,"986","12257",1.000000000000000,0.000000000000000,0.000000000000000,0.000000000000000
"11545102",2647029.2799999997951090335845947265625,독산동,금천구,"5557","8752",8.000000000000000,7.000000000000000,0.000000000000000,0.000000000000000
"11545103",1674686.6100000001024454832077026367188,시흥동,금천구,"6107","8606",9.000000000000000,10.000000000000000,0.000000000000000,0.000000000000000
"11560101",3473354.0499999993480741977691650390625,영등포동,영등포구,"689","2222",1.000000000000000,0.000000000000000,1.000000000000000,0.000000000000000
"11560102",4924657.9699999997392296791076660156250,영등포동1가,영등포구,"113","2222",0.000000000000000,0.000000000000000,0.000000000000000,0.000000000000000
"11560103",3957042.0400000000372529029846191406250,영등포동2가,영등포구,"154","2222",0.000000000000000,0.000000000000000,0.000000000000000,0.000000000000000
"11560104",11207577.4100000001490116119384765625000,영등포동3가,영등포구,"73","2222",0.000000000000000,1.000000000000000,0.000000000000000,0.000000000000000
"11560105",10708280.0999999996274709701538085937500,영등포동4가,영등포구,"112","2222",0.000000000000000,0.000000000000000,0.000000000000000,0.000000000000000
"11560106",5987754.0199999995529651641845703125000,영등포동5가,영등포구,"98","2222",1.000000000000000,1.000000000000000,0.000000000000000,0.000000000000000
"11560107",5994790.1100000003352761268615722656250,영등포동6가,영등포구,"95","2222",1.000000000000000,0.000000000000000,0.000000000000000,0.000000000000000
"11560108",4653965.0899999998509883880615234375000,영등포동7가,영등포구,"375","2222",1.000000000000000,0.000000000000000,0.000000000000000,0.000000000000000
"11560109",5112332.6500000003725290298461914062500,영등포동8가,영등포구,"329","2222",0.000000000000000,0.000000000000000,0.000000000000000,0.000000000000000
"11560110",4578481.7300000004470348358154296875000,여의도동,영등포구,"1959","19712",2.000000000000000,2.000000000000000,0.000000000000000,0.000000000000000
"11560111",4773833.7699999995529651641845703125000,당산동1가,영등포구,"367","2637",0.000000000000000,1.000000000000000,0.000000000000000,0.000000000000000
"11560112",5659763.9900000002235174179077148437500,당산동2가,영등포구,"274","2637",0.000000000000000,0.000000000000000,0.000000000000000,0.000000000000000
"11560113",5328858.7699999995529651641845703125000,당산동3가,영등포구,"493","2637",1.000000000000000,0.000000000000000,0.000000000000000,0.000000000000000
"11560114",5011486.0099999997764825820922851562500,당산동4가,영등포구,"564","5288",0.000000000000000,0.000000000000000,0.000000000000000,0.000000000000000
"11560115",5280678.0199999995529651641845703125000,당산동5가,영등포구,"616","5288",3.000000000000000,0.000000000000000,0.000000000000000,0.000000000000000
"11560116",4369620.0400000000372529029846191406250,당산동6가,영등포구,"196","5288",0.000000000000000,0.000000000000000,0.000000000000000,0.000000000000000
"11560117",1273260.7500000000000000000000000000000,당산동,영등포구,"282","5288",0.000000000000000,0.000000000000000,0.000000000000000,0.000000000000000
"11560118",2865383.5899999998509883880615234375000,도림동,영등포구,"981","9342",0.000000000000000,1.000000000000000,0.000000000000000,0.000000000000000
"11560119",3709384.1499999999068677425384521484375,문래동1가,영등포구,"10","1732",1.000000000000000,1.000000000000000,0.000000000000000,0.000000000000000
"11560120",3573452.6299999998882412910461425781250,문래동2가,영등포구,"53","1732",0.000000000000000,0.000000000000000,0.000000000000000,0.000000000000000
"11560121",5128202.6399999996647238731384277343750,문래동3가,영등포구,"636","1732",5.000000000000000,2.000000000000000,0.000000000000000,0.000000000000000
"11560122",3101452.7799999997951090335845947265625,문래동4가,영등포구,"95","1732",0.000000000000000,0.000000000000000,0.000000000000000,0.000000000000000
"11560123",2284632.4700000002048909664154052734375,문래동5가,영등포구,"225","1732",0.000000000000000,0.000000000000000,0.000000000000000,0.000000000000000
"11560124",3456507.8799999998882412910461425781250,문래동6가,영등포구,"446","1732",1.000000000000000,0.000000000000000,0.000000000000000,1.000000000000000
"11560125",4696570.7599999997764825820922851562500,양평동1가,영등포구,"247","5527",0.000000000000000,0.000000000000000,0.000000000000000,0.000000000000000
"11560126",4238582.5999999996274709701538085937500,양평동2가,영등포구,"339","5527",0.000000000000000,0.000000000000000,0.000000000000000,0.000000000000000
"11560127",3864511.3700000001117587089538574218750,양평동3가,영등포구,"526","4465",0.000000000000000,0.000000000000000,0.000000000000000,0.000000000000000
"11560128",4545299.4100000001490116119384765625000,양평동4가,영등포구,"324","4465",0.000000000000000,0.000000000000000,0.000000000000000,0.000000000000000
"11560129",4449351.5499999998137354850769042968750,양평동5가,영등포구,"303","4465",0.000000000000000,0.000000000000000,0.000000000000000,0.000000000000000
"11560130",3243769.5800000000745058059692382812500,양평동6가,영등포구,"240","4465",0.000000000000000,0.000000000000000,0.000000000000000,0.000000000000000
"11560131",469558.8300000000162981450557708740234,양화동,,,"4465",0.000000000000000,0.000000000000000,0.000000000000000,0.000000000000000
"11560132",3702140.4700000002048909664154052734375,신길동,영등포구,"5042","3810",11.000000000000000,6.000000000000000,2.000000000000000,0.000000000000000
"11560133",3479181.8500000000931322574615478515625,대림동,영등포구,"2569","10458",4.000000000000000,2.000000000000000,0.000000000000000,0.000000000000000
"11560134",397000.0000000000000000000000000000000,양평동,,,"4465",0.000000000000000,0.000000000000000,0.000000000000000,0.000000000000000
"11590101",4905636.5400000000372529029846191406250,노량진동,동작구,"1266","10605",1.000000000000000,1.000000000000000,0.000000000000000,0.000000000000000
"11590102",3596724.6400000001303851604461669921875,상도동,동작구,"5090","7711",7.000000000000000,6.000000000000000,1.000000000000000,0.000000000000000
"11590103",3848814.3799999998882412910461425781250,상도1동,동작구,"435","5960",1.000000000000000,1.000000000000000,0.000000000000000,0.000000000000000
"11590104",2334319.7500000000000000000000000000000,본동,동작구,"488","10605",0.000000000000000,0.000000000000000,0.000000000000000,0.000000000000000
"11590105",4315806.6100000003352761268615722656250,흑석동,동작구,"1423","34272",2.000000000000000,1.000000000000000,0.000000000000000,0.000000000000000
"11590106",902242.2399999999906867742538452148438,동작동,동작구,"290","13576",0.000000000000000,2.000000000000000,0.000000000000000,0.000000000000000
"11590107",3738631.0000000000000000000000000000000,사당동,동작구,"4424","13576",7.000000000000000,3.000000000000000,0.000000000000000,0.000000000000000
"11590108",3936952.2599999997764825820922851562500,대방동,동작구,"1729","8160",0.000000000000000,1.000000000000000,0.000000000000000,0.000000000000000
"11590109",3618832.3900000001303851604461669921875,신대방동,동작구,"1996","4720",3.000000000000000,1.000000000000000,0.000000000000000,1.000000000000000
"11620101",2752304.3100000000558793544769287109375,봉천동,관악구,"9601","11901",13.000000000000000,7.000000000000000,0.000000000000000,0.000000000000000
"11620102",1574473.5800000000745058059692382812500,신림동,관악구,"14555","8034",13.000000000000000,23.000000000000000,1.000000000000000,0.000000000000000
"11620103",766578.5300000000279396772384643554688,남현동,관악구,"871","22611",3.000000000000000,0.000000000000000,0.000000000000000,0.000000000000000
"11650101",5217925.0000000000000000000000000000000,방배동,서초구,"5359","10076",15.000000000000000,12.000000000000000,0.000000000000000,0.000000000000000
"11650102",4842495.7400000002235174179077148437500,양재동,서초구,"1743","16010",7.000000000000000,6.000000000000000,0.000000000000000,0.000000000000000
"11650103",1859685.3100000000558793544769287109375,우면동,서초구,"1085","9358",2.000000000000000,0.000000000000000,0.000000000000000,0.000000000000000
"11650104",205152.2200000000011641532182693481445,원지동,서초구,"10","16010",0.000000000000000,0.000000000000000,0.000000000000000,0.000000000000000
"11650106",8235485.7599999997764825820922851562500,잠원동,서초구,"2496","24190",4.000000000000000,3.000000000000000,0.000000000000000,0.000000000000000
"11650107",10285153.2200000006705522537231445312500,반포동,서초구,"4175","18270",11.000000000000000,9.000000000000000,0.000000000000000,0.000000000000000
"11650108",10590384.4399999994784593582153320312500,서초동,서초구,"4641","14686",13.000000000000000,13.000000000000000,0.000000000000000,0.000000000000000
"11650109",464108.0800000000162981450557708740234,내곡동,서초구,"271","5052",0.000000000000000,0.000000000000000,0.000000000000000,0.000000000000000
"11650110",911993.0999999999767169356346130371094,염곡동,서초구,"68","5052",0.000000000000000,0.000000000000000,0.000000000000000,0.000000000000000
"11650111",394476.5900000000256113708019256591797,신원동,서초구,"216","5052",1.000000000000000,1.000000000000000,0.000000000000000,0.000000000000000
"11680101",14980384.8399999998509883880615234375000,역삼동,강남구,"5096","14112",16.000000000000000,19.000000000000000,0.000000000000000,0.000000000000000
"11680103",5922772.0999999996274709701538085937500,개포동,강남구,"3189","7083",6.000000000000000,2.000000000000000,0.000000000000000,0.000000000000000
"11680104",11272768.0299999993294477462768554687500,청담동,강남구,"2005","23080",3.000000000000000,8.000000000000000,0.000000000000000,0.000000000000000
"11680105",14872586.6199999991804361343383789062500,삼성동,강남구,"2902","8189",11.000000000000000,11.000000000000000,0.000000000000000,0.000000000000000
"11680106",12343717.0999999996274709701538085937500,대치동,강남구,"4209","19604",6.000000000000000,6.000000000000000,0.000000000000000,0.000000000000000
"11680107",14616377.5299999993294477462768554687500,신사동,은평구,"2930","7318",5.000000000000000,12.000000000000000,0.000000000000000,0.000000000000000
"11680108",10934924.1099999994039535522460937500000,논현동,강남구,"3890","12495",17.000000000000000,19.000000000000000,0.000000000000000,0.000000000000000
"11680110",12869235.2899999991059303283691406250000,압구정동,강남구,"1884","7318",1.000000000000000,1.000000000000000,0.000000000000000,0.000000000000000
"11680111",1419262.6499999999068677425384521484375,세곡동,강남구,"641","3985",2.000000000000000,2.000000000000000,0.000000000000000,0.000000000000000
"11680112",1679355.1499999999068677425384521484375,자곡동,강남구,"898","3985",1.000000000000000,0.000000000000000,1.000000000000000,0.000000000000000
"11680113",814971.2199999999720603227615356445313,율현동,강남구,"159","3985",1.000000000000000,1.000000000000000,0.000000000000000,0.000000000000000
"11680114",4503931.9400000004097819328308105468750,일원동,강남구,"1755","7083",4.000000000000000,2.000000000000000,0.000000000000000,0.000000000000000
"11680115",2529735.4300000001676380634307861328125,수서동,강남구,"992","16782",1.000000000000000,1.000000000000000,0.000000000000000,0.000000000000000
"11680118",10838044.9700000006705522537231445312500,도곡동,강남구,"2877","10497",9.000000000000000,8.000000000000000,0.000000000000000,0.000000000000000
"11710101",8257975.5400000000372529029846191406250,잠실동,송파구,"5255","14092",10.000000000000000,9.000000000000000,0.000000000000000,0.000000000000000
"11710102",5579734.9000000003725290298461914062500,신천동,송파구,"1680","20877",3.000000000000000,1.000000000000000,0.000000000000000,0.000000000000000
"11710103",2841457.3599999998696148395538330078125,풍납동,송파구,"1701","18405",3.000000000000000,3.000000000000000,1.000000000000000,0.000000000000000
"11710104",6715953.2400000002235174179077148437500,송파동,송파구,"2152","15294",9.000000000000000,4.000000000000000,0.000000000000000,0.000000000000000
"11710105",6102858.4199999999254941940307617187500,석촌동,송파구,"1862","6484",3.000000000000000,4.000000000000000,0.000000000000000,0.000000000000000
"11710106",5122688.1299999998882412910461425781250,삼전동,송파구,"1887","10507",8.000000000000000,6.000000000000000,0.000000000000000,0.000000000000000
"11710107",6884533.1600000001490116119384765625000,가락동,송파구,"3195","6323",6.000000000000000,4.000000000000000,0.000000000000000,1.000000000000000
"11710108",6074418.4599999999627470970153808593750,문정동,송파구,"3233","9303",7.000000000000000,7.000000000000000,0.000000000000000,0.000000000000000
"11710109",4212248.1799999997019767761230468750000,장지동,송파구,"1551","9303",4.000000000000000,6.000000000000000,0.000000000000000,0.000000000000000
"11710111",4890055.2500000000000000000000000000000,방이동,송파구,"3056","13805",5.000000000000000,8.000000000000000,0.000000000000000,0.000000000000000
"11710112",5071755.6699999999254941940307617187500,오금동,송파구,"1657","6468",8.000000000000000,4.000000000000000,0.000000000000000,0.000000000000000
"11710113",4283952.1299999998882412910461425781250,거여동,송파구,"1531","3113",7.000000000000000,4.000000000000000,0.000000000000000,0.000000000000000
"11710114",2956764.5299999997951090335845947265625,마천동,송파구,"1728","5854",1.000000000000000,2.000000000000000,1.000000000000000,0.000000000000000
"11740101",5146759.5099999997764825820922851562500,명일동,강동구,"1534","5722",6.000000000000000,2.000000000000000,0.000000000000000,0.000000000000000
"11740102",3009235.8599999998696148395538330078125,고덕동,강동구,"1299","25505",2.000000000000000,2.000000000000000,0.000000000000000,0.000000000000000
"11740103",3329961.0099999997764825820922851562500,상일동,강동구,"936","6543",3.000000000000000,0.000000000000000,0.000000000000000,0.000000000000000
"11740105",3993336.3999999994412064552307128906250,길동,강동구,"2019","12288",4.000000000000000,2.000000000000000,0.000000000000000,0.000000000000000
"11740106",2366817.8399999998509883880615234375000,둔촌동,강동구,"1524","9257",7.000000000000000,0.000000000000000,1.000000000000000,0.000000000000000
"11740107",1849342.5300000000279396772384643554688,암사동,강동구,"3083","6205",6.000000000000000,6.000000000000000,0.000000000000000,0.000000000000000
"11740108",5293907.2900000000372529029846191406250,성내동,강동구,"2971","14826",10.000000000000000,10.000000000000000,1.000000000000000,0.000000000000000
"11740109",4016160.2700000000186264514923095703125,천호동,강동구,"4101","13706",8.000000000000000,4.000000000000000,2.000000000000000,0.000000000000000
"11740110",2309550.1600000001490116119384765625000,강일동,강동구,"814","12100",2.000000000000000,0.000000000000000,0.000000000000000,0.000000000000000
